<?xml version="1.0" encoding="UTF-8"?>

<mule xmlns:http="http://www.mulesoft.org/schema/mule/http" xmlns:mongo="http://www.mulesoft.org/schema/mule/mongo"
	xmlns="http://www.mulesoft.org/schema/mule/core"
	xmlns:doc="http://www.mulesoft.org/schema/mule/documentation" xmlns:xsi="http://www.w3.org/2001/XMLSchema-instance" xsi:schemaLocation="http://www.mulesoft.org/schema/mule/core http://www.mulesoft.org/schema/mule/core/current/mule.xsd
http://www.mulesoft.org/schema/mule/mongo http://www.mulesoft.org/schema/mule/mongo/current/mule-mongo.xsd
http://www.mulesoft.org/schema/mule/http http://www.mulesoft.org/schema/mule/http/current/mule-http.xsd">
	<http:listener-config name="HTTP_Listener_config" doc:name="HTTP Listener config" doc:id="0b99ed83-9d99-495d-be74-0f5294be83c6" >
		<http:listener-connection host="0.0.0.0" port="8087" />
	</http:listener-config>
	<mongo:config name="MongoDB_Configuration" doc:name="MongoDB Config" doc:id="9ac34b6c-8a0d-41fe-a58e-a2e060447603" >
		<mongo:connection username="testmongyy" password="w9zI40TZE86Cbi4gbfqCTrkJgbS03ZXabdTb83FjNtHgkwpeWpghuwwXqyZM3kGteJEJXCCggyZFqAydtwesYw==" database="RealEstatesDB" host="testmongyy.documents.azure.com:10255" ssl="true"/>
	</mongo:config>
	<flow name="insertDocumentFlow" doc:id="fc0bb141-7f16-4a7a-965b-6f5ada6858d0" >
		<http:listener doc:name="Listener" doc:id="02d8bae9-b7a7-466d-a850-bb054c4ff9a7" config-ref="HTTP_Listener_config" path="/mongo"/>
		<mongo:insert-document doc:name="Insert document" doc:id="d0ac688a-c5c3-4ca0-81c2-d98460c2a695" config-ref="MongoDB_Configuration" collectionName="RealEstates"/>
		<logger level="INFO" doc:name="Logger" doc:id="f3a91e43-21c5-4f75-837a-aa3810b9525d" />
	</flow>
	<flow name="listCollectionsFlow" doc:id="7af37f94-3f93-4ea0-a3d2-2181f5ee4bc7" >
		<http:listener doc:name="Listener" doc:id="23bb9baf-b86d-4623-a93f-ffea6aa667ec" config-ref="HTTP_Listener_config" path="/list"/>
		<mongo:list-collections doc:name="List collections" doc:id="2f01bf8b-91a3-4e72-8cb1-04d1ee655852" config-ref="MongoDB_Configuration"/>
		<logger level="INFO" doc:name="Logger" doc:id="94672ee5-a3c0-4271-83fd-3b68e14ac7fe" />
	</flow>
	<flow name="findDocumentsFlow" doc:id="93e6d338-3bf5-42c7-8312-bd7a5999014c" >
		<http:listener doc:name="Listener" doc:id="ce1a2287-99c2-40f1-ad3b-87b2bd08ce71" config-ref="HTTP_Listener_config" path="/listfiles"/>
		<mongo:find-documents doc:name="Find documents" doc:id="b7ddcf70-31f7-4248-becb-527a8ecfe1ad" config-ref="MongoDB_Configuration" collectionName="RealEstates">
		</mongo:find-documents>
	</flow>
</mule>
